{"bounds":{"east":115.000162124634,"north":31.0000705718994,"south":29.9996280670166,"west":113.999719619751},"contentType":"quantizedmesh","latLonBounds":{"east":115.000162124634,"north":31.0000705718994,"south":29.9996280670166,"west":113.999719619751},"maxzoom":14,"minzoom":0,"proj":4326,"tiletrans":"tms","type":"terrain","ziped":false}