{"bounds":{"east":113.307409286499,"north":33.8371181488037,"south":33.7045955657959,"west":113.065023422241},"contentType":"quantizedmesh","latLonBounds":{"east":113.307409286499,"north":33.8371181488037,"south":33.7045955657959,"west":113.065023422241},"maxzoom":14,"minzoom":0,"proj":4326,"tiletrans":"tms","type":"terrain","ziped":false}