{"bounds":{"east":110.201110839844,"north":33.8441859163691,"south":31.7059714181356,"west":108.016204833984},"contentType":"image/png","latLonBounds":{"east":110.201110839844,"north":33.8441859163691,"south":31.7059714181356,"west":108.016204833984},"maxzoom":10,"minzoom":0,"proj":3857,"tiletrans":"google","type":"image","ziped":false}