{"bounds":{"east":114.406122565269,"north":30.5267791821057,"south":30.5125874665403,"west":114.384155273437},"contentType":"image/png","latLonBounds":{"east":114.406122565269,"north":30.5267791821057,"south":30.5125874665403,"west":114.384155273437},"maxzoom":18,"minzoom":0,"proj":3857,"tiletrans":"google","type":"image","ziped":false}